Tanggal,Waktu (WIB),Magnitudo,Kedalaman (km),Koordinat,Wilayah
23 Jun 2025,10:44:57,3.8,6,"3.22,140.56","West Papua, Indonesia"
23 Jun 2025,10:34:35,3.0,97,"8.16,107.45","Java, Indonesia"
23 Jun 2025,10:29:19,3.5,30,"0.85,128.61","Halmahera, Indonesia"
23 Jun 2025,10:17:21,5.4,73,"5.95,150.82","New Britain Region, Papua New Guinea"
23 Jun 2025,10:02:16,2.5,208,"7.62,108.81","Java, Indonesia"
23 Jun 2025,08:55:53,2.1,10,"1.2,120.14","Sulawesi, Indonesia"
23 Jun 2025,08:40:45,4.3,202,"2.33,128.36","Halmahera, Indonesia"
23 Jun 2025,08:17:35,1.8,16,"9.85,119.73","Sumba Region, Indonesia"
23 Jun 2025,08:13:01,3.3,11,"6.61,105.32","Sunda Strait, Indonesia"
23 Jun 2025,07:56:40,4.9,10,"8.26,107.09","Java, Indonesia"
23 Jun 2025,07:42:06,1.8,10,"1.3,119.97","Sulawesi, Indonesia"
23 Jun 2025,06:34:30,5.1,51,"6.16,126.35","Mindanao, Philippines"
23 Jun 2025,06:10:50,3.3,148,"0.11,123.16","Minahassa Peninsula, Sulawesi"
23 Jun 2025,05:35:59,3.2,10,"3.21,130.42","Seram, Indonesia"
23 Jun 2025,05:22:43,3.6,36,"3.95,126.54","Talaud Islands, Indonesia"
23 Jun 2025,03:03:38,3.9,30,"4.42,137","West Papua Region, Indonesia"
23 Jun 2025,02:17:52,2.4,10,"0.45,123.05","Minahassa Peninsula, Sulawesi"
23 Jun 2025,01:12:41,1.8,10,"1.38,120.6","Sulawesi, Indonesia"
23 Jun 2025,00:42:16,2.4,10,"0.75,133.8","West Papua Region, Indonesia"
23 Jun 2025,00:08:57,3.3,30,"5.81,102.06","Southern Sumatra, Indonesia"
23 Jun 2025,00:06:50,2.4,12,"10.28,120.27","Sumba Region, Indonesia"
22 Jun 2025,23:59:04,2.3,17,"8.14,117.84","Sumbawa Region, Indonesia"
22 Jun 2025,23:55:38,2.2,87,"1.88,128.3","Halmahera, Indonesia"
22 Jun 2025,23:50:46,3.4,27,"2.67,136.21","West Papua Region, Indonesia"
22 Jun 2025,23:50:17,2.7,10,"3.24,130.36","Seram, Indonesia"
22 Jun 2025,23:19:14,2.7,10,"3.41,128.65","Seram, Indonesia"
22 Jun 2025,23:17:23,1.8,10,"2.29,121.09","Sulawesi, Indonesia"
22 Jun 2025,22:39:19,2.7,62,"0.31,123.15","Minahassa Peninsula, Sulawesi"
22 Jun 2025,21:54:37,2.2,14,"7.94,110.49","Java, Indonesia"
22 Jun 2025,21:50:01,3.6,23,"4.97,103.05","Southern Sumatra, Indonesia"
22 Jun 2025,21:03:30,2.3,10,"3.37,128.66","Seram, Indonesia"
22 Jun 2025,21:00:59,2.9,26,"9.65,119.19","Sumba Region, Indonesia"
22 Jun 2025,19:55:29,2.5,22,"2.67,120.81","Sulawesi, Indonesia"
22 Jun 2025,19:50:45,2.9,10,"2.28,121.06","Sulawesi, Indonesia"
22 Jun 2025,19:17:47,2.8,10,"3.18,130.38","Seram, Indonesia"
22 Jun 2025,19:16:44,2.6,15,"8.6,111.34","Java, Indonesia"
22 Jun 2025,19:13:02,3.5,12,"3.21,130.36","Seram, Indonesia"
22 Jun 2025,19:12:44,2.4,28,"7.79,118.82",Flores Sea
22 Jun 2025,19:11:10,2.7,16,"3.25,130.34","Seram, Indonesia"
22 Jun 2025,19:03:59,2.7,10,"9.85,119.14","Sumba Region, Indonesia"
22 Jun 2025,18:56:47,4.5,106,"4.74,103.82","Southern Sumatra, Indonesia"
22 Jun 2025,18:47:23,4.9,10,"3.13,130.37","Seram, Indonesia"
22 Jun 2025,17:18:54,2.1,10,"2.32,120.72","Sulawesi, Indonesia"
22 Jun 2025,16:31:20,4.9,10,"3.49,128.73","Seram, Indonesia"
22 Jun 2025,16:28:32,4.1,528,"3.72,122.67",Celebes Sea
22 Jun 2025,16:22:14,2.6,10,"3.1,139.79","West Papua, Indonesia"
22 Jun 2025,16:07:02,3.8,10,"3.14,123.16","Sulawesi, Indonesia"
22 Jun 2025,15:59:32,3.7,10,"2.03,128.59",Ceram Sea
22 Jun 2025,15:15:11,5.4,52,"29.26,129.39","Ryukyu Islands, Japan"
22 Jun 2025,14:16:16,3.1,151,"8.28,119.48","Flores Region, Indonesia"
22 Jun 2025,14:01:36,3.1,10,"2.1,126.74",Northern Molucca Sea
22 Jun 2025,13:20:47,3.8,10,"0.41,122.98","Minahassa Peninsula, Sulawesi"
22 Jun 2025,13:18:43,3.0,25,"7.82,118.83",Flores Sea
22 Jun 2025,12:49:46,3.6,38,"0.22,123.25","Minahassa Peninsula, Sulawesi"
22 Jun 2025,10:12:23,5.0,10,"29.35,129.67","Ryukyu Islands, Japan"
22 Jun 2025,09:38:16,3.9,11,"3.04,128.63","North of Halmahera, Indonesia"
22 Jun 2025,09:12:43,5.1,612,"18.02,178.43 BB",Fiji Islands Region
22 Jun 2025,07:57:39,2.7,5,"1.72,120.15","Sulawesi, Indonesia"
22 Jun 2025,07:29:12,3.5,9,"3.01,128.78","North of Halmahera, Indonesia"
22 Jun 2025,07:17:07,2.8,18,"3.79,101.63","Southern Sumatra, Indonesia"
22 Jun 2025,05:57:07,3.3,213,"7.85,123.72",Banda Sea
22 Jun 2025,05:50:48,3.2,63,"1.4,125.61",Northern Molucca Sea
22 Jun 2025,05:31:13,2.5,10,"2.44,134.98","West Papua Region, Indonesia"
22 Jun 2025,05:13:57,1.2,13,"2.54,120.98","Sulawesi, Indonesia"
22 Jun 2025,04:29:43,2.6,25,"7.55,106.02","Java, Indonesia"
22 Jun 2025,04:23:21,5.9,28,"42.99,146.18","Off Coast of Hokkaido, Japan"
22 Jun 2025,02:37:58,2.4,10,"1.69,120.19","Sulawesi, Indonesia"
22 Jun 2025,02:30:44,2.8,22,"8.06,118.25","Sumbawa Region, Indonesia"
22 Jun 2025,02:30:00,2.9,10,"1.71,120.16","Sulawesi, Indonesia"
22 Jun 2025,02:24:16,4.1,10,"1.7,120.19","Sulawesi, Indonesia"
22 Jun 2025,02:23:45,3.3,54,"3.35,139.75","West Papua, Indonesia"
22 Jun 2025,02:03:11,2.7,18,"7.6,105.95","Java, Indonesia"
22 Jun 2025,00:52:16,4.9,79,"29.29,129.44","Ryukyu Islands, Japan"
21 Jun 2025,23:44:47,2.9,5,"1.95,121.16","Sulawesi, Indonesia"
21 Jun 2025,23:34:59,4.8,20,"6.71,105.19","Sunda Strait, Indonesia"
21 Jun 2025,22:47:04,3.0,10,"3.42,128.72","Seram, Indonesia"
21 Jun 2025,22:45:50,3.2,10,"8.85,125.12",Timor Region
21 Jun 2025,22:13:34,3.6,10,"0.81,128.22","Halmahera, Indonesia"
21 Jun 2025,22:08:02,1.8,30,"2.54,120.87","Sulawesi, Indonesia"
21 Jun 2025,20:20:00,3.3,25,"9.16,124.09",Timor Region
21 Jun 2025,19:11:12,3.7,10,"1.23,138.17",Near North Coast of West Papua
21 Jun 2025,18:47:23,2.8,10,"0.95,131.11","West Papua Region, Indonesia"
21 Jun 2025,17:38:58,3.4,10,"9.43,125",Timor Region
21 Jun 2025,17:14:08,2.4,118,"8.11,111.1","Java, Indonesia"
21 Jun 2025,15:18:27,4.3,84,"8.92,124.3",Timor Region
21 Jun 2025,15:01:12,4.7,159,"6.33,130.71",Banda Sea
21 Jun 2025,14:55:34,3.1,26,"7.82,118.81",Flores Sea
21 Jun 2025,14:21:02,3.5,36,"4.08,126.63","Talaud Islands, Indonesia"
21 Jun 2025,13:43:56,2.9,20,"9.83,119.76","Sumba Region, Indonesia"
21 Jun 2025,13:22:07,2.8,84,"0.21,122.94","Minahassa Peninsula, Sulawesi"
21 Jun 2025,12:53:06,4.6,29,"8.18,108.26","Java, Indonesia"
21 Jun 2025,12:25:42,1.9,16,"2.3,120.9","Sulawesi, Indonesia"
21 Jun 2025,12:14:48,3.0,5,"2.62,121.27","Sulawesi, Indonesia"
21 Jun 2025,11:26:12,3.2,20,"8.06,107.38","Java, Indonesia"
21 Jun 2025,10:55:18,3.6,55,"0.27,122.9","Minahassa Peninsula, Sulawesi"
21 Jun 2025,10:30:43,2.7,15,"0.94,126.92",Northern Molucca Sea
21 Jun 2025,10:21:37,3.0,10,"3.54,102.7","Southern Sumatra, Indonesia"
21 Jun 2025,10:13:34,2.9,14,"2.8,122.13","Sulawesi, Indonesia"
21 Jun 2025,09:15:57,2.8,10,"0.98,126.96",Northern Molucca Sea
21 Jun 2025,08:05:23,3.2,20,"1.48,126.38",Northern Molucca Sea
21 Jun 2025,07:51:10,2.5,5,"2.51,120.66","Sulawesi, Indonesia"
21 Jun 2025,07:05:08,3.6,35,"1.57,126.86",Northern Molucca Sea
21 Jun 2025,06:26:21,2.8,17,"7.94,107.1","Java, Indonesia"
21 Jun 2025,05:26:32,3.1,48,"9.71,119.8","Sumba Region, Indonesia"
21 Jun 2025,04:42:27,3.3,91,"0.48,121.16","Minahassa Peninsula, Sulawesi"
21 Jun 2025,04:16:08,2.5,58,"0.26,122.86","Minahassa Peninsula, Sulawesi"
21 Jun 2025,04:00:23,4.3,179,"6.65,126.7","Mindanao, Philippines"
21 Jun 2025,03:11:12,4.1,29,"3.01,139.43","West Papua, Indonesia"
21 Jun 2025,01:52:18,3.2,11,"3.17,96.46","Northern Sumatra, Indonesia"
21 Jun 2025,00:49:14,5.4,10,"35.3,53.23",Northern and Central Iran
21 Jun 2025,00:39:42,2.0,11,"4.02,97.58","Northern Sumatra, Indonesia"
21 Jun 2025,00:30:58,4.2,28,"3.73,131.53","West Papua Region, Indonesia"
21 Jun 2025,00:13:00,2.8,23,"2.85,129.94","Seram, Indonesia"
20 Jun 2025,23:52:01,3.1,125,"3.89,126.03","Talaud Islands, Indonesia"
20 Jun 2025,23:35:07,3.7,23,"2.08,126.93",Northern Molucca Sea
20 Jun 2025,23:31:03,4.6,611,"18.09,178.42 BB",Fiji Islands Region
20 Jun 2025,23:27:55,4.9,10,"0.31,88.04",South Indian Ocean
20 Jun 2025,23:06:34,2.8,10,"8.39,107.93","Java, Indonesia"
20 Jun 2025,22:40:30,2.4,12,"1.27,120.87","Sulawesi, Indonesia"
20 Jun 2025,20:18:39,5.5,126,"22.34,171.53",Southeast of Loyalty Islands
20 Jun 2025,18:29:59,2.1,5,"4.7,96.82","Northern Sumatra, Indonesia"
20 Jun 2025,18:17:58,2.4,5,"1.71,120.36","Sulawesi, Indonesia"
20 Jun 2025,16:30:24,3.7,5,"4.48,93.73",Off West Coast of Northern Sumatra
20 Jun 2025,16:17:45,3.3,26,"1.93,126.32",Northern Molucca Sea
20 Jun 2025,16:17:02,2.7,26,"2.13,97.82","Northern Sumatra, Indonesia"
20 Jun 2025,16:01:00,2.5,6,"4.51,96.45","Northern Sumatra, Indonesia"
20 Jun 2025,15:30:16,2.8,5,"2.32,120.98","Sulawesi, Indonesia"
20 Jun 2025,14:56:15,4.3,162,"6.87,129.78",Banda Sea
20 Jun 2025,14:32:20,1.9,5,"7.76,121.89",Flores Sea
20 Jun 2025,14:14:41,2.0,88,"7.14,106.63","Java, Indonesia"
20 Jun 2025,13:03:09,2.5,8,"8.48,109.54","Java, Indonesia"
20 Jun 2025,12:59:51,4.1,131,"6.62,129.76",Banda Sea
20 Jun 2025,12:17:30,1.8,67,"8.44,117.84","Sumbawa Region, Indonesia"
20 Jun 2025,11:57:47,2.3,213,"7.68,116.08",Bali Sea
20 Jun 2025,11:08:17,3.2,5,"8.59,111.55","Java, Indonesia"
20 Jun 2025,10:48:58,2.5,5,"8.87,116.86","Sumbawa Region, Indonesia"
20 Jun 2025,10:45:21,2.2,10,"0.33,122.13","Minahassa Peninsula, Sulawesi"
20 Jun 2025,10:04:25,3.6,196,"5.24,125.52","Mindanao, Philippines"
20 Jun 2025,08:19:46,2.6,39,"3.48,135.45","West Papua Region, Indonesia"
20 Jun 2025,08:16:30,2.8,10,"3.4,128.67","Seram, Indonesia"
20 Jun 2025,07:27:30,2.8,5,"2.24,120.69","Sulawesi, Indonesia"
20 Jun 2025,07:13:45,2.1,43,"3.01,97.25","Northern Sumatra, Indonesia"
20 Jun 2025,06:45:53,2.3,5,"2.24,120.69","Sulawesi, Indonesia"
20 Jun 2025,06:03:28,3.2,70,"2.04,127.07",Ceram Sea
20 Jun 2025,03:18:40,5.0,36,"21.95,119.94",Taiwan Region
20 Jun 2025,03:02:23,2.4,22,"7.9,106.8","Java, Indonesia"
20 Jun 2025,02:55:33,1.2,17,"8.5,121.85","Flores Region, Indonesia"
20 Jun 2025,02:48:03,2.4,10,"3.41,128.64","Seram, Indonesia"
20 Jun 2025,02:36:06,3.5,10,"9.38,106.31","South of Java, Indonesia"
20 Jun 2025,02:27:25,3.4,10,"3.49,128.66","Seram, Indonesia"
20 Jun 2025,02:22:25,3.0,10,"6.44,103.77","Southwest of Sumatra, Indonesia"
20 Jun 2025,00:11:35,2.5,44,"1.05,98.74","Northern Sumatra, Indonesia"
20 Jun 2025,00:10:38,2.7,28,"7.77,107.28","Java, Indonesia"
20 Jun 2025,00:03:38,2.2,26,"9.88,118.85","Sumbawa Region, Indonesia"
19 Jun 2025,23:40:37,2.7,10,"1.22,123.89","Minahassa Peninsula, Sulawesi"
19 Jun 2025,23:37:49,5.4,91,"6.24,147.81",Papua New Guinea Region
19 Jun 2025,22:55:02,2.7,15,"3.46,128.69","Seram, Indonesia"
19 Jun 2025,22:49:13,2.3,10,"3.3,128.68","Seram, Indonesia"
19 Jun 2025,22:41:25,3.5,94,"0.21,122.98","Minahassa Peninsula, Sulawesi"
19 Jun 2025,20:51:01,2.2,10,"4.58,96.52","Northern Sumatra, Indonesia"
19 Jun 2025,20:32:03,1.8,10,"2.6,121.13","Sulawesi, Indonesia"
19 Jun 2025,20:07:56,5.2,56,"17.17,147.02",Mariana Islands Region
19 Jun 2025,20:00:21,2.2,18,"0.65,120.03","Minahassa Peninsula, Sulawesi"
19 Jun 2025,19:51:42,2.7,21,"8.99,110.43","Java, Indonesia"
19 Jun 2025,19:40:05,4.6,5,"3.46,128.67","Seram, Indonesia"
19 Jun 2025,19:26:14,2.8,5,"8.38,116.44","Sumbawa Region, Indonesia"
19 Jun 2025,19:16:14,2.7,10,"2.37,120.85","Sulawesi, Indonesia"
19 Jun 2025,17:46:45,2.9,15,"5.3,94.82","Northern Sumatra, Indonesia"
19 Jun 2025,14:56:52,3.0,26,"10.08,118.99","South of Sumbawa, Indonesia"
19 Jun 2025,14:55:26,2.7,10,"0.7,131.74","West Papua Region, Indonesia"
19 Jun 2025,11:46:56,2.9,6,"0.68,131.48","West Papua Region, Indonesia"
19 Jun 2025,10:48:58,4.1,8,"2.88,122.32","Sulawesi, Indonesia"
19 Jun 2025,10:40:27,2.4,22,"8.21,117.74","Sumbawa Region, Indonesia"
19 Jun 2025,10:23:13,3.4,11,"1.75,136.33","West Papua Region, Indonesia"
19 Jun 2025,08:41:32,4.4,8,"2.77,134.42","West Papua Region, Indonesia"
19 Jun 2025,07:46:56,3.5,60,"0.7,122.74","Minahassa Peninsula, Sulawesi"
19 Jun 2025,06:08:11,6.1,58,"42.93,146.37","Off Coast of Hokkaido, Japan"
19 Jun 2025,05:04:22,2.9,14,"0.81,118.71",Borneo
19 Jun 2025,03:59:19,3.3,14,"5.37,103.03","Southern Sumatra, Indonesia"
19 Jun 2025,03:28:08,2.8,5,"3.55,129.16","Seram, Indonesia"
19 Jun 2025,03:11:27,2.8,7,"5.43,102.91","Southern Sumatra, Indonesia"
19 Jun 2025,03:07:19,3.1,10,"0.2,96.83",Off West Coast of Northern Sumatra
19 Jun 2025,02:57:50,2.9,14,"2.94,129.36","Seram, Indonesia"
19 Jun 2025,02:56:44,3.5,5,"9.37,124.63",Timor Region
19 Jun 2025,02:55:14,3.3,10,"9.45,124.67",Timor Region
19 Jun 2025,02:41:49,1.9,24,"1.04,122.8","Minahassa Peninsula, Sulawesi"
19 Jun 2025,01:24:38,2.7,20,"9.87,119.76","Sumba Region, Indonesia"
19 Jun 2025,01:17:01,3.5,10,"8.96,110.45","Java, Indonesia"
19 Jun 2025,00:58:55,1.8,10,"2.1,120.99","Sulawesi, Indonesia"
19 Jun 2025,00:52:35,3.1,51,"8.47,108.53","Java, Indonesia"
19 Jun 2025,00:28:47,2.7,12,"0.76,118.69",Borneo
19 Jun 2025,00:17:40,1.7,10,"2.4,120.84","Sulawesi, Indonesia"
19 Jun 2025,00:10:46,3.2,10,"0.78,118.65",Borneo
19 Jun 2025,00:05:58,3.0,10,"4.79,96.18","Northern Sumatra, Indonesia"
18 Jun 2025,23:52:45,3.4,10,"5.44,95.76","Northern Sumatra, Indonesia"
18 Jun 2025,23:45:46,3.0,23,"1,125.82",Northern Molucca Sea
18 Jun 2025,22:59:04,2.2,10,"2.61,121.52","Sulawesi, Indonesia"
18 Jun 2025,22:46:05,3.0,47,"0.89,126.09",Northern Molucca Sea
18 Jun 2025,22:45:40,2.9,20,"1.43,133.56","West Papua Region, Indonesia"
23 Jun 2025,11:19:04,1.7,5,"4.9,119.62","Sulawesi, Indonesia"
23 Jun 2025,11:45:39,2.6,27,"0.45,126.64",Northern Molucca Sea
24 Jun 2025,10:13:57,5.2,586,"18.06,178.11 BB",Fiji Islands Region
24 Jun 2025,09:45:58,5.3,166,"18.79,68.44 BB",Mona Passage
24 Jun 2025,08:58:44,6.3,76,"10.99,162.69",Solomon Islands
24 Jun 2025,08:58:11,6.3,29,"7.95,129.77",East of Philippine Islands
24 Jun 2025,07:34:44,2.6,25,"0.1,122.99","Minahassa Peninsula, Sulawesi"
24 Jun 2025,07:14:38,3.0,22,"5.98,104.26","Southern Sumatra, Indonesia"
24 Jun 2025,07:08:34,3.0,10,"2.77,134.52","West Papua Region, Indonesia"
24 Jun 2025,06:48:07,1.8,18,"2.18,120.92","Sulawesi, Indonesia"
24 Jun 2025,06:21:36,4.2,13,"3.23,141.07","New Guinea, Papua New Guinea"
24 Jun 2025,06:08:47,3.9,10,"8.41,107.15","Java, Indonesia"
24 Jun 2025,06:02:40,3.4,10,"8.48,107.15","Java, Indonesia"
24 Jun 2025,05:45:51,2.7,10,"1.61,123.36","Minahassa Peninsula, Sulawesi"
24 Jun 2025,04:58:01,3.4,49,"0.31,123.08","Minahassa Peninsula, Sulawesi"
24 Jun 2025,04:48:11,3.8,20,"5.62,103.35","Southern Sumatra, Indonesia"
24 Jun 2025,04:24:17,2.1,10,"1.2,120.15","Sulawesi, Indonesia"
24 Jun 2025,04:04:37,3.8,84,"6.14,125.44","Mindanao, Philippines"
24 Jun 2025,03:40:25,3.5,10,"0.81,127.69","Halmahera, Indonesia"
24 Jun 2025,03:33:56,3.4,80,"3.66,127.8","Talaud Islands, Indonesia"
24 Jun 2025,02:14:27,5.2,102,"13.92,144.15",Mariana Islands
24 Jun 2025,02:11:39,4.2,369,"2.5,124.02",Celebes Sea
24 Jun 2025,02:00:04,2.3,23,"3.43,128.71","Seram, Indonesia"
24 Jun 2025,01:07:08,2.5,159,"1.79,99.36","Northern Sumatra, Indonesia"
24 Jun 2025,00:40:20,3.1,11,"3,127.73","Seram, Indonesia"
24 Jun 2025,00:36:47,3.3,10,"8.22,107.65","Java, Indonesia"
24 Jun 2025,00:23:37,5.1,73,"29.28,129.3","Ryukyu Islands, Japan"
23 Jun 2025,23:45:13,2.3,10,"3.46,128.68","Seram, Indonesia"
23 Jun 2025,23:43:04,3.4,25,"3.8,126.78","Talaud Islands, Indonesia"
23 Jun 2025,23:41:53,3.4,28,"3.77,126.8","Talaud Islands, Indonesia"
23 Jun 2025,23:41:11,3.2,46,"1.85,100.79","Southern Sumatra, Indonesia"
23 Jun 2025,23:12:31,3.1,10,"2.24,121.08","Sulawesi, Indonesia"
23 Jun 2025,23:05:21,2.4,29,"6.91,106.73","Java, Indonesia"
23 Jun 2025,22:35:49,2.9,122,"1.53,127.21","Halmahera, Indonesia"
23 Jun 2025,22:35:44,2.6,12,"6.64,106.57","Java, Indonesia"
23 Jun 2025,22:07:39,2.3,23,"6.8,106.53","Java, Indonesia"
23 Jun 2025,21:56:59,2.7,67,"9.04,122.86",Savu Sea
23 Jun 2025,21:36:19,5.2,10,"29.37,129.52","Ryukyu Islands, Japan"
23 Jun 2025,21:05:54,3.0,10,"0.74,118.64",Borneo
23 Jun 2025,20:37:15,3.2,13,"2.82,139.6",Near North Coast of West Papua
23 Jun 2025,18:24:04,3.2,66,"3.03,101.81","Southern Sumatra, Indonesia"
23 Jun 2025,17:38:04,2.1,14,"1.19,120.77","Sulawesi, Indonesia"
23 Jun 2025,16:02:51,3.3,67,"9.06,118.47","Sumbawa Region, Indonesia"
23 Jun 2025,14:46:16,5.2,10,"29.44,130.01","Ryukyu Islands, Japan"
23 Jun 2025,14:42:25,1.6,10,"1.49,119.75","Sulawesi, Indonesia"
23 Jun 2025,13:14:36,1.4,28,"2.46,120.89","Sulawesi, Indonesia"
23 Jun 2025,13:13:24,2.3,161,"0.41,122.07","Minahassa Peninsula, Sulawesi"
23 Jun 2025,13:02:18,3.5,20,"0.26,124.8","Minahassa Peninsula, Sulawesi"
23 Jun 2025,12:06:50,3.0,17,"2.43,139.99",Near North Coast of West Papua
23 Jun 2025,12:01:43,2.3,10,"0.63,121.98","Minahassa Peninsula, Sulawesi"
23 Jun 2025,11:45:38,2.5,29,"0.51,126.6",Northern Molucca Sea
23 Jun 2025,10:29:20,3.5,49,"0.83,128.64","Halmahera, Indonesia"
24 Jun 2025,11:05:32,1.9,10,"1.14,133.71","West Papua Region, Indonesia"
24 Jun 2025,10:54:30,1.4,10,"4.93,119.66","Sulawesi, Indonesia"
24 Jun 2025,10:54:28,2.5,89,"1.89,127.3","Halmahera, Indonesia"
25 Jun 2025,11:08:40,4.7,111,"9.52,94.06","Nicobar Islands, India Region"
25 Jun 2025,11:00:11,1.6,10,"4.8,119.64","Sulawesi, Indonesia"
25 Jun 2025,10:46:52,3.8,10,"3.42,128.63","Seram, Indonesia"
25 Jun 2025,10:16:56,2.6,10,"2.34,120.84","Sulawesi, Indonesia"
25 Jun 2025,09:59:30,2.6,10,"2.34,121.04","Sulawesi, Indonesia"
25 Jun 2025,08:44:22,2.3,10,"1.25,120.11","Sulawesi, Indonesia"
25 Jun 2025,08:33:36,5.3,91,"9.43,94.36","Nicobar Islands, India Region"
25 Jun 2025,07:20:12,3.0,10,"0.2,130.74","West Papua Region, Indonesia"
25 Jun 2025,06:52:20,4.6,142,"6.33,94.29","Nicobar Islands, India Region"
25 Jun 2025,06:44:11,3.1,39,"1.61,127.16","Halmahera, Indonesia"
25 Jun 2025,06:19:36,3.2,81,"0.04,123.41","Minahassa Peninsula, Sulawesi"
25 Jun 2025,06:12:12,5.1,149,"6.44,130.43",Banda Sea
25 Jun 2025,04:56:33,3.3,5,"8.38,107.08","Java, Indonesia"
25 Jun 2025,04:28:33,4.7,10,"9.21,126.88","Mindanao, Philippines"
25 Jun 2025,04:09:05,3.9,10,"3.51,99.61","Southwest of Sumatra, Indonesia"
25 Jun 2025,03:45:54,2.5,140,"8.33,119.63","Flores Region, Indonesia"
25 Jun 2025,03:34:09,2.4,5,"0.55,132.86","West Papua Region, Indonesia"
25 Jun 2025,03:13:49,4.6,173,"9.69,93.83","Nicobar Islands, India Region"
25 Jun 2025,02:45:20,2.2,10,"2.3,120.89","Sulawesi, Indonesia"
25 Jun 2025,02:39:35,2.4,10,"4.09,121.89","Sulawesi, Indonesia"
25 Jun 2025,02:39:27,3.4,23,"0.54,131.13","West Papua Region, Indonesia"
25 Jun 2025,01:39:45,3.9,11,"1.95,139.3",Near North Coast of West Papua
25 Jun 2025,01:12:44,2.8,10,"9.94,119.77","Sumba Region, Indonesia"
25 Jun 2025,00:58:09,3.1,41,"10.57,121.12",Savu Sea
25 Jun 2025,00:39:46,3.2,10,"4.77,126.41","Talaud Islands, Indonesia"
25 Jun 2025,00:10:18,1.9,10,"1.14,120.28","Sulawesi, Indonesia"
25 Jun 2025,00:10:13,2.5,10,"1.36,134.12","West Papua Region, Indonesia"
24 Jun 2025,23:57:46,2.7,22,"2.65,139.3",Near North Coast of West Papua
24 Jun 2025,23:38:36,2.0,28,"1.3,119.05","Sulawesi, Indonesia"
24 Jun 2025,23:26:01,2.2,10,"4.27,122.5","Sulawesi, Indonesia"
24 Jun 2025,23:09:09,3.4,39,"5.46,103.81","Southern Sumatra, Indonesia"
24 Jun 2025,22:46:06,2.2,10,"5.35,104.4","Southern Sumatra, Indonesia"
24 Jun 2025,22:18:34,3.9,20,"1.31,117.51",Borneo
24 Jun 2025,22:00:00,3.3,27,"2.81,139.82",Near North Coast of West Papua
24 Jun 2025,21:20:02,2.0,10,"2.35,120.83","Sulawesi, Indonesia"
24 Jun 2025,21:05:06,2.3,10,"4.09,121.87","Sulawesi, Indonesia"
24 Jun 2025,20:49:15,5.2,102,"12.62,89.98",Bay of Bengal
24 Jun 2025,20:47:18,2.1,11,"1.72,119.43","Sulawesi, Indonesia"
24 Jun 2025,20:41:33,2.8,10,"2.4,120.85","Sulawesi, Indonesia"
24 Jun 2025,20:19:39,3.5,15,"1.75,126.53",Northern Molucca Sea
24 Jun 2025,20:12:31,4.8,151,"9.36,94.48","Nicobar Islands, India Region"
24 Jun 2025,18:48:48,3.2,35,"4.01,96.17","Northern Sumatra, Indonesia"
24 Jun 2025,18:07:33,3.1,25,"1.03,121.23","Minahassa Peninsula, Sulawesi"
24 Jun 2025,17:17:02,5.1,14,"9.5,94.19","Nicobar Islands, India Region"
24 Jun 2025,17:12:17,2.7,10,"2.48,118.82","Sulawesi, Indonesia"
24 Jun 2025,16:36:48,4.4,13,"3.88,140.08","West Papua, Indonesia"
24 Jun 2025,16:04:24,4.9,10,"9.36,94.54","Nicobar Islands, India Region"
24 Jun 2025,14:07:36,5.0,550,"23.48,179.77 BB",South of Fiji Islands
24 Jun 2025,14:04:19,5.4,40,"29.3,129.68","Ryukyu Islands, Japan"
24 Jun 2025,13:24:33,5.1,28,"4.45,126.73","Talaud Islands, Indonesia"
24 Jun 2025,13:15:54,2.5,28,"9.56,118.74","Sumbawa Region, Indonesia"
24 Jun 2025,13:09:05,2.6,7,"2.48,121.65","Sulawesi, Indonesia"
24 Jun 2025,13:06:09,3.5,30,"0.93,99.38","Southern Sumatra, Indonesia"
24 Jun 2025,12:57:19,2.3,9,"1.05,123.58","Minahassa Peninsula, Sulawesi"
24 Jun 2025,12:52:00,3.6,5,"2.83,128.05","Halmahera, Indonesia"
24 Jun 2025,12:42:45,3.0,157,"8.25,119.98","Flores Region, Indonesia"
24 Jun 2025,12:39:59,3.8,10,"2.77,128.07","Halmahera, Indonesia"
24 Jun 2025,12:39:49,2.7,17,"6.82,106.67","Java, Indonesia"
24 Jun 2025,12:21:56,3.0,5,"3.41,128.66","Seram, Indonesia"
24 Jun 2025,11:35:06,3.0,51,"9.18,119.12","Sumba Region, Indonesia"
24 Jun 2025,07:14:37,3.1,27,"6,104.23","Southern Sumatra, Indonesia"
26 Jun 2025,10:26:11,2.4,10,"6.73,106.61","Java, Indonesia"
26 Jun 2025,10:11:43,2.5,146,"0.07,123.17","Minahassa Peninsula, Sulawesi"
26 Jun 2025,09:30:43,3.1,98,"1.91,128.21","Halmahera, Indonesia"
26 Jun 2025,09:23:13,3.5,73,"1.76,125.7",Northern Molucca Sea
26 Jun 2025,06:27:13,2.4,6,"1.76,119.43","Sulawesi, Indonesia"
26 Jun 2025,05:19:28,3.3,14,"3.01,127.69","Seram, Indonesia"
26 Jun 2025,03:41:14,3.4,8,"0.65,123.86","Minahassa Peninsula, Sulawesi"
26 Jun 2025,03:32:42,2.6,18,"7.82,120.13",Flores Sea
26 Jun 2025,02:29:07,2.7,52,"9.69,119.34","Sumba Region, Indonesia"
26 Jun 2025,02:27:13,2.9,14,"0.79,118.71",Borneo
26 Jun 2025,01:59:24,3.2,42,"9.74,119.76","Sumba Region, Indonesia"
26 Jun 2025,01:54:45,4.8,537,"16.33,145.55",Mariana Islands
26 Jun 2025,01:46:37,1.5,7,"0.84,100.63","Southern Sumatra, Indonesia"
26 Jun 2025,01:12:38,2.3,110,"8.59,118.4","Sumbawa Region, Indonesia"
26 Jun 2025,00:44:55,2.4,162,"0.32,122.04","Minahassa Peninsula, Sulawesi"
26 Jun 2025,00:43:07,2.4,10,"1.22,120.15","Sulawesi, Indonesia"
26 Jun 2025,00:37:32,4.5,181,"9.57,94.39","Nicobar Islands, India Region"
26 Jun 2025,00:30:05,3.4,25,"3.42,100.74","Southern Sumatra, Indonesia"
26 Jun 2025,00:05:41,2.5,27,"7.98,118.52",Flores Sea
25 Jun 2025,22:33:39,3.6,21,"9.6,120.65","Sumba Region, Indonesia"
25 Jun 2025,20:59:23,3.5,13,"0.76,126.92",Northern Molucca Sea
25 Jun 2025,20:58:23,3.1,26,"5.54,103.74","Southern Sumatra, Indonesia"
25 Jun 2025,20:52:39,3.0,10,"0.69,123.91","Minahassa Peninsula, Sulawesi"
25 Jun 2025,20:03:15,2.9,52,"9.07,122.79",Savu Sea
25 Jun 2025,19:26:12,2.7,10,"1.69,99.2","Northern Sumatra, Indonesia"
25 Jun 2025,17:42:42,4.0,30,"2.31,100.76","Southern Sumatra, Indonesia"
25 Jun 2025,17:39:37,3.3,7,"5.3,102.7","Southern Sumatra, Indonesia"
25 Jun 2025,17:34:39,3.7,35,"9.39,121.89",Savu Sea
25 Jun 2025,17:18:43,4.0,137,"6.14,130.36",Banda Sea
25 Jun 2025,16:59:53,4.8,126,"9.32,94.39","Nicobar Islands, India Region"
25 Jun 2025,16:26:25,2.7,113,"8.65,116.29","Sumbawa Region, Indonesia"
25 Jun 2025,15:40:06,4.7,111,"1.5,127.01","Halmahera, Indonesia"
25 Jun 2025,15:11:15,5.5,202,"23.01,176.92 BB",South of Fiji Islands
25 Jun 2025,15:04:30,5.1,593,"21.44,179.14 BB",Fiji Islands Region
25 Jun 2025,14:49:32,3.3,10,"1.59,134.48","West Papua Region, Indonesia"
25 Jun 2025,14:45:08,2.3,135,"0.09,123.2","Minahassa Peninsula, Sulawesi"
25 Jun 2025,14:31:05,4.0,10,"2.58,126.21",Northern Molucca Sea
25 Jun 2025,12:43:50,2.5,10,"2.34,120.99","Sulawesi, Indonesia"
25 Jun 2025,11:48:53,2.2,72,"0.7,100.19","Southern Sumatra, Indonesia"
25 Jun 2025,11:30:52,2.9,21,"6.53,104.33","Sunda Strait, Indonesia"
25 Jun 2025,11:27:52,2.0,100,"0.69,122.21","Minahassa Peninsula, Sulawesi"
25 Jun 2025,07:20:10,3.1,5,"0.11,130.63","West Papua Region, Indonesia"
27 Jun 2025,11:04:00,3.0,35,"0.48,119.8","Minahassa Peninsula, Sulawesi"
27 Jun 2025,10:46:07,3.1,44,"10.06,124.29",Timor Region
27 Jun 2025,10:36:47,1.6,10,"5.14,119.63","Sulawesi, Indonesia"
27 Jun 2025,10:10:54,2.2,11,"1.07,120.34","Sulawesi, Indonesia"
27 Jun 2025,10:00:52,3.6,10,"2.47,127.36",Northern Molucca Sea
27 Jun 2025,09:10:42,3.9,10,"8.12,118.1","Sumbawa Region, Indonesia"
27 Jun 2025,08:35:04,2.4,180,"0.41,121.83","Minahassa Peninsula, Sulawesi"
27 Jun 2025,08:12:47,3.2,10,"8.15,118.14","Sumbawa Region, Indonesia"
27 Jun 2025,07:56:20,4.2,10,"3.06,130.7","Seram, Indonesia"
27 Jun 2025,06:53:53,5.1,611,"20.5,178.64 BB",Fiji Islands Region
27 Jun 2025,06:30:50,1.9,125,"3.49,97.88","Northern Sumatra, Indonesia"
27 Jun 2025,06:08:36,3.9,10,"8.35,121.79","Flores Region, Indonesia"
27 Jun 2025,04:44:25,2.0,10,"8.39,121.86","Flores Region, Indonesia"
27 Jun 2025,04:31:15,2.2,10,"8.37,121.92","Flores Region, Indonesia"
27 Jun 2025,03:55:31,2.7,12,"8.45,121.95","Flores Region, Indonesia"
27 Jun 2025,03:49:48,3.6,10,"8.36,121.9","Flores Region, Indonesia"
27 Jun 2025,03:26:58,2.7,10,"7.2,107.6","Java, Indonesia"
27 Jun 2025,02:55:06,4.1,17,"3.79,101.83","Southern Sumatra, Indonesia"
27 Jun 2025,02:24:09,4.6,20,"6.37,126.43","Mindanao, Philippines"
27 Jun 2025,02:01:57,2.3,10,"2.4,120.99","Sulawesi, Indonesia"
27 Jun 2025,01:00:50,3.1,10,"0.52,98.52","Northern Sumatra, Indonesia"
27 Jun 2025,00:42:01,2.5,10,"2.33,121.06","Sulawesi, Indonesia"
27 Jun 2025,00:32:19,2.6,10,"0.92,121.42","Minahassa Peninsula, Sulawesi"
26 Jun 2025,22:57:13,4.1,524,"7.04,125.43",Banda Sea
26 Jun 2025,22:54:02,3.4,10,"4.88,96.05","Northern Sumatra, Indonesia"
26 Jun 2025,21:12:43,3.2,14,"8.16,117.93","Sumbawa Region, Indonesia"
26 Jun 2025,20:33:29,3.1,20,"3.48,98.04","Northern Sumatra, Indonesia"
26 Jun 2025,19:50:18,4.7,10,"4.78,124.39",Celebes Sea
26 Jun 2025,17:13:06,4.8,326,"25.07,177.84 BB",South of Fiji Islands
26 Jun 2025,14:54:49,5.1,158,"5.76,154.47",Solomon Islands
26 Jun 2025,14:18:55,2.9,27,"9.69,120.51","Sumba Region, Indonesia"
26 Jun 2025,14:17:49,3.4,5,"0.98,97.59","Southwest of Sumatra, Indonesia"
26 Jun 2025,13:23:36,3.6,26,"1.21,126.09",Northern Molucca Sea
26 Jun 2025,13:07:15,3.1,14,"1.69,122.62","Minahassa Peninsula, Sulawesi"
26 Jun 2025,13:05:47,2.2,5,"2.31,120.98","Sulawesi, Indonesia"
26 Jun 2025,12:39:12,3.0,5,"2.35,120.91","Sulawesi, Indonesia"
26 Jun 2025,11:23:25,3.3,29,"5.55,103.75","Southern Sumatra, Indonesia"
28 Jun 2025,11:03:13,2.7,10,"3.9,122.42","Sulawesi, Indonesia"
28 Jun 2025,10:39:59,2.8,23,"9,124.07",Timor Region
28 Jun 2025,10:36:28,2.9,55,"3.72,96.91","Northern Sumatra, Indonesia"
28 Jun 2025,10:23:14,4.1,145,"6.42,129.09",Banda Sea
28 Jun 2025,10:15:55,2.2,11,"4.02,121.81","Sulawesi, Indonesia"
28 Jun 2025,10:13:11,2.8,119,"2.9,98.45","Northern Sumatra, Indonesia"
28 Jun 2025,10:06:22,3.6,41,"4.54,102.2","Southern Sumatra, Indonesia"
28 Jun 2025,09:44:21,2.4,12,"2.47,120.93","Sulawesi, Indonesia"
28 Jun 2025,09:18:35,3.4,30,"5.49,125.34","Mindanao, Philippines"
28 Jun 2025,09:05:28,3.2,94,"5.44,126.23","Mindanao, Philippines"
28 Jun 2025,08:35:10,3.4,10,"0.44,123.41","Minahassa Peninsula, Sulawesi"
28 Jun 2025,08:24:22,3.0,27,"7.71,106.08","Java, Indonesia"
28 Jun 2025,08:00:38,4.2,89,"5.36,126.19","Mindanao, Philippines"
28 Jun 2025,07:35:57,3.0,10,"0.79,124.48","Minahassa Peninsula, Sulawesi"
28 Jun 2025,06:41:45,5.3,68,"5.39,126.1","Mindanao, Philippines"
28 Jun 2025,06:07:11,6.1,73,"5.19,126.23","Mindanao, Philippines"
28 Jun 2025,04:36:16,2.6,166,"0.34,121.95","Minahassa Peninsula, Sulawesi"
28 Jun 2025,04:05:12,2.8,69,"4.45,103.15","Southern Sumatra, Indonesia"
28 Jun 2025,04:01:44,2.7,10,"5.97,103.91","Southern Sumatra, Indonesia"
28 Jun 2025,02:29:47,3.0,14,"8.7,111.45","Java, Indonesia"
28 Jun 2025,02:18:19,3.6,10,"6.01,103.93","Southwest of Sumatra, Indonesia"
28 Jun 2025,02:10:12,2.4,91,"3.66,102.41","Southern Sumatra, Indonesia"
28 Jun 2025,01:52:11,2.7,10,"6.26,104.88","Sunda Strait, Indonesia"
28 Jun 2025,01:37:31,1.4,10,"5.41,104.65","Southern Sumatra, Indonesia"
28 Jun 2025,01:36:05,3.3,91,"8.71,116.27","Sumbawa Region, Indonesia"
28 Jun 2025,00:53:09,3.0,18,"1.56,127.08","Halmahera, Indonesia"
28 Jun 2025,00:41:07,2.8,19,"0.47,126.61",Northern Molucca Sea
28 Jun 2025,00:29:03,1.9,27,"8.53,121.94","Flores Region, Indonesia"
28 Jun 2025,00:27:14,2.1,19,"8.51,121.94","Flores Region, Indonesia"
28 Jun 2025,00:10:32,3.5,21,"0.21,124.37",Southern Molucca Sea
28 Jun 2025,00:04:25,2.1,10,"4.07,121.86","Sulawesi, Indonesia"
27 Jun 2025,23:04:54,3.1,6,"1.54,134.52","West Papua Region, Indonesia"
27 Jun 2025,22:54:27,2.5,14,"9.48,117.76","Sumbawa Region, Indonesia"
27 Jun 2025,22:11:16,2.6,75,"0.52,127.32","Halmahera, Indonesia"
27 Jun 2025,21:58:19,4.9,74,"9.38,94.29","Nicobar Islands, India Region"
27 Jun 2025,21:51:27,2.7,30,"2.79,96.66","Northern Sumatra, Indonesia"
27 Jun 2025,21:43:34,3.1,246,"0.57,123.74","Minahassa Peninsula, Sulawesi"
27 Jun 2025,21:31:14,2.5,10,"8.2,117.71","Sumbawa Region, Indonesia"
27 Jun 2025,21:28:16,2.0,111,"0.26,122.36","Minahassa Peninsula, Sulawesi"
27 Jun 2025,21:26:59,2.5,10,"0.82,99.89","Northern Sumatra, Indonesia"
27 Jun 2025,21:22:02,3.5,15,"4.03,129.6",Banda Sea
27 Jun 2025,21:04:19,2.6,10,"8.15,118.11","Sumbawa Region, Indonesia"
27 Jun 2025,21:00:44,2.8,15,"7.96,123.13",Banda Sea
27 Jun 2025,20:51:38,2.1,10,"2.36,120.88","Sulawesi, Indonesia"
27 Jun 2025,20:50:17,3.1,10,"3.14,141.01","New Guinea, Papua New Guinea"
27 Jun 2025,20:25:20,3.4,11,"1.57,100.01","Southern Sumatra, Indonesia"
27 Jun 2025,20:15:22,3.6,16,"2.19,136.63","West Papua Region, Indonesia"
27 Jun 2025,20:13:54,2.5,153,"8.45,119.57","Flores Region, Indonesia"
27 Jun 2025,18:53:31,3.2,142,"0.36,122.22","Minahassa Peninsula, Sulawesi"
27 Jun 2025,18:02:28,2.8,10,"3.27,140","West Papua, Indonesia"
27 Jun 2025,14:51:11,3.4,66,"2.71,136.88","West Papua Region, Indonesia"
27 Jun 2025,13:35:19,2.7,17,"8.2,117.73","Sumbawa Region, Indonesia"
27 Jun 2025,12:54:58,2.7,277,"7.81,119.4",Flores Sea
27 Jun 2025,12:28:50,2.7,32,"9.23,119.33","Sumba Region, Indonesia"
27 Jun 2025,11:53:53,3.4,10,"4.09,121.9","Sulawesi, Indonesia"
27 Jun 2025,11:31:42,3.4,25,"1.09,125.61",Northern Molucca Sea
27 Jun 2025,11:04:01,2.9,39,"0.41,119.86","Minahassa Peninsula, Sulawesi"
29 Jun 2025,09:59:23,3.1,5,"3.35,135.03","West Papua Region, Indonesia"
29 Jun 2025,09:13:31,3.5,10,"0.36,99","Northern Sumatra, Indonesia"
29 Jun 2025,07:54:07,3.2,13,"8.87,110.19","Java, Indonesia"
29 Jun 2025,07:41:46,3.4,29,"1.16,126.8",Northern Molucca Sea
29 Jun 2025,05:47:23,2.9,10,"1.2,120.57","Sulawesi, Indonesia"
29 Jun 2025,05:42:16,4.3,10,"10.72,112.56","South of Java, Indonesia"
29 Jun 2025,05:36:06,2.2,10,"6.99,107.09","Java, Indonesia"
29 Jun 2025,05:21:48,4.3,388,"6.04,127.78",Banda Sea
29 Jun 2025,04:45:55,3.4,30,"2.16,128.47",Ceram Sea
29 Jun 2025,04:45:18,2.8,26,"1.12,134.26","West Papua Region, Indonesia"
29 Jun 2025,04:43:30,2.4,10,"0.81,133.37","West Papua Region, Indonesia"
29 Jun 2025,04:38:19,2.8,10,"3.35,128.67","Seram, Indonesia"
29 Jun 2025,03:54:07,3.9,11,"4.13,142.29","New Guinea, Papua New Guinea"
29 Jun 2025,03:29:10,3.4,128,"0.06,123.3","Minahassa Peninsula, Sulawesi"
29 Jun 2025,03:24:46,4.1,46,"9.33,119.08","Sumba Region, Indonesia"
29 Jun 2025,02:46:06,3.1,18,"1.94,127.02","Halmahera, Indonesia"
29 Jun 2025,02:32:18,2.6,10,"1.9,121.39","Sulawesi, Indonesia"
29 Jun 2025,02:29:15,3.7,15,"2.69,139.37",Near North Coast of West Papua
29 Jun 2025,02:06:40,3.1,10,"0.89,127.24","Halmahera, Indonesia"
29 Jun 2025,01:58:14,2.7,10,"0.69,123.91","Minahassa Peninsula, Sulawesi"
29 Jun 2025,01:15:10,2.8,40,"8.14,106.78","South of Java, Indonesia"
29 Jun 2025,01:07:18,2.4,10,"2.42,120.8","Sulawesi, Indonesia"
29 Jun 2025,00:58:26,2.8,12,"8.12,117.92","Sumbawa Region, Indonesia"
29 Jun 2025,00:53:00,3.0,14,"8.12,117.93","Sumbawa Region, Indonesia"
29 Jun 2025,00:50:50,2.8,10,"2.79,127.41",Northern Molucca Sea
28 Jun 2025,23:51:48,4.1,78,"5.12,131.6",Banda Sea
28 Jun 2025,23:41:04,3.1,10,"9.69,121.84",Savu Sea
28 Jun 2025,23:35:05,3.0,10,"9.71,121.88",Savu Sea
28 Jun 2025,22:02:37,1.7,10,"1.34,120.46","Sulawesi, Indonesia"
28 Jun 2025,19:40:41,5.1,8,"2.74,127.3",Northern Molucca Sea
28 Jun 2025,19:10:35,2.5,6,"2.49,120.99","Sulawesi, Indonesia"
28 Jun 2025,18:50:18,4.3,73,"2.44,127.13",Northern Molucca Sea
28 Jun 2025,18:10:56,2.6,10,"2.6,121.31","Sulawesi, Indonesia"
28 Jun 2025,17:25:46,3.2,46,"1.71,125.9",Northern Molucca Sea
28 Jun 2025,16:29:22,4.1,99,"5.49,126.11","Mindanao, Philippines"
28 Jun 2025,15:36:59,3.3,20,"7.99,107.22","Java, Indonesia"
28 Jun 2025,15:32:21,6.4,10,"61.13,39.19 BB",Scotia Sea
28 Jun 2025,15:11:55,3.6,10,"2.4,120.8","Sulawesi, Indonesia"
28 Jun 2025,13:20:02,3.6,14,"0.6,122.35","Minahassa Peninsula, Sulawesi"
28 Jun 2025,13:08:20,5.7,10,"51.45,168.73 BB","Fox Islands, Aleutian Islands"
28 Jun 2025,12:33:21,3.8,60,"5.88,126.51","Mindanao, Philippines"
28 Jun 2025,12:30:49,3.8,100,"5.51,126.01","Mindanao, Philippines"
28 Jun 2025,12:10:24,3.5,11,"6.31,103.68","Southwest of Sumatra, Indonesia"
28 Jun 2025,12:01:57,3.4,11,"4.46,123.11",Banda Sea
28 Jun 2025,11:59:50,4.2,106,"24.7,123.13","Southwestern Ryukyu Islands, Japan"
28 Jun 2025,11:42:05,3.1,62,"1.42,125.67",Northern Molucca Sea
28 Jun 2025,11:17:09,5.7,244,"20.06,175.9 BB",Tonga Islands
30 Jun 2025,11:13:49,1.9,10,"2.55,120.98","Sulawesi, Indonesia"
30 Jun 2025,10:58:55,1.7,12,"1.58,120.1","Sulawesi, Indonesia"
30 Jun 2025,09:49:34,3.9,10,"1.16,139.01",Near North Coast of West Papua
30 Jun 2025,09:32:38,5.2,92,"36.76,71.4",Afghanistan-Tajikistan Border Region
30 Jun 2025,09:32:21,4.0,10,"5.93,130.64",Banda Sea
30 Jun 2025,08:52:31,2.9,22,"5.11,125.54","Mindanao, Philippines"
30 Jun 2025,08:45:05,3.0,78,"4.91,126.4","Talaud Islands, Indonesia"
30 Jun 2025,08:34:08,2.6,29,"9.15,119.2","Sumba Region, Indonesia"
30 Jun 2025,08:27:22,3.2,43,"1.24,126.15",Northern Molucca Sea
30 Jun 2025,08:24:19,3.1,33,"2.99,101.16","Southern Sumatra, Indonesia"
30 Jun 2025,06:45:44,3.0,10,"3.01,122.16","Sulawesi, Indonesia"
30 Jun 2025,06:38:41,4.8,107,"6.41,131.45","Tanimbar Islands Region, Indonesia"
30 Jun 2025,04:03:24,2.9,10,"6.71,106.56","Java, Indonesia"
30 Jun 2025,03:40:11,3.5,38,"1.96,96.56",Off West Coast of Northern Sumatra
30 Jun 2025,03:35:49,3.5,10,"0.73,126.26",Northern Molucca Sea
30 Jun 2025,02:45:55,2.4,5,"2.28,120.87","Sulawesi, Indonesia"
30 Jun 2025,02:45:33,2.4,8,"6.74,106.58","Java, Indonesia"
30 Jun 2025,01:44:51,3.0,10,"0.24,131.73","West Papua Region, Indonesia"
30 Jun 2025,00:31:16,3.9,22,"7.26,106.14","Java, Indonesia"
29 Jun 2025,23:15:50,3.5,116,"2.54,128.32","Halmahera, Indonesia"
29 Jun 2025,22:46:45,3.2,10,"2.35,121.11","Sulawesi, Indonesia"
29 Jun 2025,21:46:34,3.0,10,"2.4,120.93","Sulawesi, Indonesia"
29 Jun 2025,20:52:36,3.8,38,"8.89,112.47","Java, Indonesia"
29 Jun 2025,20:09:13,2.4,10,"2.81,139.86",Near North Coast of West Papua
29 Jun 2025,19:38:45,4.1,49,"9.13,123.17",Timor Region
29 Jun 2025,19:25:18,2.8,13,"1.61,127.32","Halmahera, Indonesia"
29 Jun 2025,19:20:39,2.2,9,"3.9,119.25","Sulawesi, Indonesia"
29 Jun 2025,19:15:14,2.6,5,"4.5,96.46","Northern Sumatra, Indonesia"
29 Jun 2025,17:29:01,4.3,16,"5.14,102.46","Southern Sumatra, Indonesia"
29 Jun 2025,14:37:49,3.1,10,"2.58,121.77","Sulawesi, Indonesia"
29 Jun 2025,14:34:48,3.8,10,"2.56,121.77","Sulawesi, Indonesia"
29 Jun 2025,14:12:05,5.3,64,"29.24,129.33","Ryukyu Islands, Japan"
29 Jun 2025,13:48:15,5.1,29,"3.59,146.42",Bismarck Sea
29 Jun 2025,12:36:02,2.9,29,"0.26,124.03","Minahassa Peninsula, Sulawesi"
29 Jun 2025,11:37:37,2.8,23,"8.79,110.95","Java, Indonesia"
29 Jun 2025,11:22:04,4.6,76,"7.64,127.68",Philippine Islands Region
29 Jun 2025,09:59:21,3.3,10,"3.67,134.96","West Papua Region, Indonesia"
29 Jun 2025,08:56:31,5.3,154,"16.35,174 BB",Tonga Islands
29 Jun 2025,07:54:09,3.0,26,"8.85,110.25","Java, Indonesia"
29 Jun 2025,06:35:06,4.4,43,"9.24,94.41","Nicobar Islands, India Region"
29 Jun 2025,05:47:24,2.9,10,"1.2,120.57","Sulawesi, Indonesia"
29 Jun 2025,05:42:15,4.2,10,"10.71,112.61","South of Java, Indonesia"
29 Jun 2025,05:24:01,5.6,10,"30.26,69.96",Pakistan
